{
  "version": "7",
  "dialect": "mysql",
  "entries": [
    {
      "idx": 0,
      "version": "5",
      "when": 1764323293924,
      "tag": "0000_flawless_vanisher",
      "breakpoints": true
    },
    {
      "idx": 1,
      "version": "5",
      "when": 1764323311800,
      "tag": "0001_massive_sharon_carter",
      "breakpoints": true
    },
    {
      "idx": 2,
      "version": "5",
      "when": 1764324017411,
      "tag": "0002_colossal_ultimatum",
      "breakpoints": true
    },
    {
      "idx": 3,
      "version": "5",
      "when": 1764324137184,
      "tag": "0003_light_bloodaxe",
      "breakpoints": true
    },
    {
      "idx": 4,
      "version": "5",
      "when": 1764328651736,
      "tag": "0004_smooth_warstar",
      "breakpoints": true
    },
    {
      "idx": 5,
      "version": "5",
      "when": 1764328943913,
      "tag": "0005_fearless_brood",
      "breakpoints": true
    },
    {
      "idx": 6,
      "version": "5",
      "when": 1764329250728,
      "tag": "0006_left_bill_hollister",
      "breakpoints": true
    },
    {
      "idx": 7,
      "version": "5",
      "when": 1764343239207,
      "tag": "0007_nice_chamber",
      "breakpoints": true
    },
    {
      "idx": 8,
      "version": "5",
      "when": 1764355676731,
      "tag": "0008_misty_metal_master",
      "breakpoints": true
    },
    {
      "idx": 9,
      "version": "5",
      "when": 1764355959721,
      "tag": "0009_flashy_iron_monger",
      "breakpoints": true
    },
    {
      "idx": 10,
      "version": "5",
      "when": 1764390823492,
      "tag": "0010_lumpy_sir_ram",
      "breakpoints": true
    }
  ]
}